protein_id	source_fasta	length	retinin_exact_count	retinin_exact_start	retinin_exact_match	retinin_relaxed_count	retinin_relaxed_start	retinin_relaxed_match	alanine_percent	weird_characters
Aga_CPLCA1	CPLCA.fasta	194	0	NA	NA	1	55	EPTVAHVGTIEKSVPTGYSHQSFTQYHNKQVAEPVFAPAVKKT	23.7	
Aga_CPLCA2	CPLCA.fasta	196	0	NA	NA	1	56	EPTVAHVGTVVKTVPTGVTHTSSAVVHDTKVREDVYAPAVKKT	24.5	
Aga_CPLCA3	CPLCA.fasta	128	1	49	EPTVAHVGSLVKTIPTAVSHQSSTVVHNSAKITEPIYAPAVKQT	1	49	EPTVAHVGSLVKTIPTAVSHQSSTVVHNSAKITEPIYAPAVKQT	21.1	
Cfe_Unigene10128-CPLCA	CPLCA.fasta	85	0	NA	NA	0	NA	NA	18.8	
Dme_Retinin	CPLCA.fasta	191	0	NA	NA	0	NA	NA	11.0	
Aga_CPLC#	CPLCG.fasta	120	0	NA	NA	0	NA	NA	29.2	
Aga_CPLC8	CPLCG.fasta	135	0	NA	NA	0	NA	NA	28.1	
Aga_CPLCG1	CPLCG.fasta	125	0	NA	NA	0	NA	NA	20.0	
Aga_CPLCG10	CPLCG.fasta	163	0	NA	NA	0	NA	NA	27.0	
Aga_CPLCG11	CPLCG.fasta	191	0	NA	NA	0	NA	NA	11.5	
Aga_CPLCG12	CPLCG.fasta	163	0	NA	NA	0	NA	NA	27.0	
Aga_CPLCG13	CPLCG.fasta	197	0	NA	NA	0	NA	NA	10.7	
Aga_CPLCG14	CPLCG.fasta	138	0	NA	NA	0	NA	NA	25.4	
Aga_CPLCG15	CPLCG.fasta	124	0	NA	NA	0	NA	NA	21.8	
Aga_CPLCG16	CPLCG.fasta	169	0	NA	NA	0	NA	NA	27.2	
Aga_CPLCG17	CPLCG.fasta	197	0	NA	NA	0	NA	NA	11.7	
Aga_CPLCG18	CPLCG.fasta	205	0	NA	NA	0	NA	NA	10.2	
Aga_CPLCG19	CPLCG.fasta	168	0	NA	NA	0	NA	NA	10.7	
Aga_CPLCG2	CPLCG.fasta	108	0	NA	NA	0	NA	NA	10.2	
Aga_CPLCG20	CPLCG.fasta	619	0	NA	NA	0	NA	NA	18.1	
Aga_CPLCG21	CPLCG.fasta	227	0	NA	NA	0	NA	NA	11.0	
Aga_CPLCG22	CPLCG.fasta	248	0	NA	NA	0	NA	NA	21.0	
Aga_CPLCG23	CPLCG.fasta	133	0	NA	NA	0	NA	NA	29.3	
Aga_CPLCG24	CPLCG.fasta	133	0	NA	NA	0	NA	NA	29.3	
Aga_CPLCG25	CPLCG.fasta	197	0	NA	NA	0	NA	NA	11.2	
Aga_CPLCG26	CPLCG.fasta	198	0	NA	NA	0	NA	NA	10.6	
Aga_CPLCG27	CPLCG.fasta	168	0	NA	NA	0	NA	NA	11.3	
Aga_CPLCG3	CPLCG.fasta	135	0	NA	NA	0	NA	NA	28.1	
Aga_CPLCG4	CPLCG.fasta	120	0	NA	NA	0	NA	NA	29.2	
Aga_CPLCG5	CPLCG.fasta	139	0	NA	NA	0	NA	NA	32.4	
Aga_CPLCG6	CPLCG.fasta	197	0	NA	NA	0	NA	NA	11.2	
Aga_CPLCG7	CPLCG.fasta	163	0	NA	NA	0	NA	NA	27.6	
Aga_CPLCG8	CPLCG.fasta	188	0	NA	NA	0	NA	NA	11.7	
Aga_CPLCG9	CPLCG.fasta	168	0	NA	NA	0	NA	NA	11.3	
Cfe_Unigene362-CPLCG	CPLCG.fasta	113	0	NA	NA	0	NA	NA	22.1	
Cpi_CPLCG5	CPLCG.fasta	129	0	NA	NA	0	NA	NA	29.5	
Dan_CPLCG1	CPLCG.fasta	136	0	NA	NA	0	NA	NA	27.2	
Dan_CPLCG2	CPLCG.fasta	144	0	NA	NA	0	NA	NA	25.0	
Dan_CPLCG3	CPLCG.fasta	133	0	NA	NA	0	NA	NA	30.1	
Dgr_CPLCG1	CPLCG.fasta	127	0	NA	NA	0	NA	NA	26.8	
Dgr_CPLCG2	CPLCG.fasta	146	0	NA	NA	0	NA	NA	24.0	
Dgr_CPLCG3	CPLCG.fasta	135	0	NA	NA	0	NA	NA	25.2	
Dme_ACP1	CPLCG.fasta	135	0	NA	NA	0	NA	NA	27.4	
Dme_CG7203	CPLCG.fasta	145	0	NA	NA	0	NA	NA	22.1	
Dme_CG7214	CPLCG.fasta	142	0	NA	NA	0	NA	NA	24.6	
Dmo_CPLCG1	CPLCG.fasta	123	0	NA	NA	0	NA	NA	26.8	
Dmo_CPLCG2	CPLCG.fasta	141	0	NA	NA	0	NA	NA	22.7	
Dmo_CPLCG3	CPLCG.fasta	142	0	NA	NA	0	NA	NA	22.5	
Dps_CPLCG1	CPLCG.fasta	123	0	NA	NA	0	NA	NA	22.8	
Dps_CPLCG2	CPLCG.fasta	147	0	NA	NA	0	NA	NA	22.4	
Dps_CPLCG3	CPLCG.fasta	135	0	NA	NA	0	NA	NA	27.4	
Dvi_CPLCG1	CPLCG.fasta	127	0	NA	NA	0	NA	NA	29.1	
Dvi_CPLCG2	CPLCG.fasta	141	0	NA	NA	0	NA	NA	22.7	
Dvi_CPLCG3	CPLCG.fasta	129	0	NA	NA	0	NA	NA	23.3	
Dwi_CPLCG1	CPLCG.fasta	144	0	NA	NA	0	NA	NA	27.1	
Dwi_CPLCG2	CPLCG.fasta	137	0	NA	NA	0	NA	NA	21.9	
Dwi_CPLCG3	CPLCG.fasta	135	0	NA	NA	0	NA	NA	25.2	
Aga_CPLCP1	CPLCP.fasta	178	0	NA	NA	0	NA	NA	4.5	
Aga_CPLCP10	CPLCP.fasta	360	0	NA	NA	0	NA	NA	3.1	
Aga_CPLCP11	CPLCP.fasta	349	0	NA	NA	0	NA	NA	3.4	
Aga_CPLCP12	CPLCP.fasta	386	0	NA	NA	0	NA	NA	2.8	
Aga_CPLCP13	CPLCP.fasta	185	0	NA	NA	0	NA	NA	4.3	
Aga_CPLCP14	CPLCP.fasta	185	0	NA	NA	0	NA	NA	4.3	
Aga_CPLCP15	CPLCP.fasta	185	0	NA	NA	0	NA	NA	3.8	
Aga_CPLCP16	CPLCP.fasta	185	0	NA	NA	0	NA	NA	3.2	
Aga_CPLCP17	CPLCP.fasta	185	0	NA	NA	0	NA	NA	4.3	
Aga_CPLCP18	CPLCP.fasta	185	0	NA	NA	0	NA	NA	3.8	
Aga_CPLCP19	CPLCP.fasta	185	0	NA	NA	0	NA	NA	3.8	
Aga_CPLCP2	CPLCP.fasta	688	0	NA	NA	0	NA	NA	4.9	
Aga_CPLCP20	CPLCP.fasta	185	0	NA	NA	0	NA	NA	2.7	
Aga_CPLCP21	CPLCP.fasta	185	0	NA	NA	0	NA	NA	4.9	
Aga_CPLCP22	CPLCP.fasta	185	0	NA	NA	0	NA	NA	3.2	
Aga_CPLCP23	CPLCP.fasta	185	0	NA	NA	0	NA	NA	3.8	
Aga_CPLCP24	CPLCP.fasta	224	0	NA	NA	0	NA	NA	0.9	
Aga_CPLCP25	CPLCP.fasta	176	0	NA	NA	0	NA	NA	5.7	
Aga_CPLCP26	CPLCP.fasta	182	0	NA	NA	0	NA	NA	3.8	
Aga_CPLCP27	CPLCP.fasta	176	0	NA	NA	0	NA	NA	4.5	
Aga_CPLCP28	CPLCP.fasta	235	0	NA	NA	0	NA	NA	13.2	
Aga_CPLCP3	CPLCP.fasta	346	0	NA	NA	0	NA	NA	2.0	
Aga_CPLCP4	CPLCP.fasta	209	0	NA	NA	0	NA	NA	6.2	
Aga_CPLCP5	CPLCP.fasta	271	0	NA	NA	0	NA	NA	4.4	
Aga_CPLCP6	CPLCP.fasta	165	0	NA	NA	0	NA	NA	1.8	
Aga_CPLCP7	CPLCP.fasta	368	0	NA	NA	0	NA	NA	4.9	
Aga_CPLCP8	CPLCP.fasta	193	0	NA	NA	0	NA	NA	4.7	
Aga_CPLCP9	CPLCP.fasta	491	0	NA	NA	0	NA	NA	4.7	
Bge_CPLCP1	CPLCP.fasta	332	0	NA	NA	0	NA	NA	3.0	
Cfe_CL3437.Contig1-CPLCP	CPLCP.fasta	498	0	NA	NA	0	NA	NA	4.8	
Cfe_CL4305.Contig1-CPLCP	CPLCP.fasta	312	0	NA	NA	0	NA	NA	6.1	
Cfe_CL4803.Contig1-CPLCP	CPLCP.fasta	614	0	NA	NA	0	NA	NA	2.9	
Cfe_Unigene14806-CPLCP	CPLCP.fasta	393	0	NA	NA	0	NA	NA	2.5	
Cfe_Unigene15156-CPLCP	CPLCP.fasta	444	0	NA	NA	0	NA	NA	1.6	
Foc_CPLCP1	CPLCP.fasta	334	0	NA	NA	0	NA	NA	6.0	
Foc_CPLCP10	CPLCP.fasta	271	0	NA	NA	0	NA	NA	6.3	
Foc_CPLCP11	CPLCP.fasta	655	0	NA	NA	0	NA	NA	9.6	
Foc_CPLCP12	CPLCP.fasta	241	0	NA	NA	0	NA	NA	6.6	
Foc_CPLCP13	CPLCP.fasta	765	0	NA	NA	0	NA	NA	17.9	
Foc_CPLCP14	CPLCP.fasta	478	0	NA	NA	0	NA	NA	9.6	
Foc_CPLCP15	CPLCP.fasta	268	0	NA	NA	0	NA	NA	15.3	
Foc_CPLCP16	CPLCP.fasta	437	0	NA	NA	0	NA	NA	10.1	
Foc_CPLCP2	CPLCP.fasta	286	0	NA	NA	0	NA	NA	3.8	
Foc_CPLCP3	CPLCP.fasta	294	0	NA	NA	0	NA	NA	8.8	
Foc_CPLCP4	CPLCP.fasta	448	0	NA	NA	0	NA	NA	15.2	
Foc_CPLCP5	CPLCP.fasta	209	0	NA	NA	0	NA	NA	3.8	
Foc_CPLCP6	CPLCP.fasta	240	0	NA	NA	0	NA	NA	7.9	
Foc_CPLCP7	CPLCP.fasta	425	0	NA	NA	0	NA	NA	8.2	
Foc_CPLCP8	CPLCP.fasta	233	0	NA	NA	0	NA	NA	6.4	
Foc_CPLCP9	CPLCP.fasta	223	0	NA	NA	0	NA	NA	6.7	
Nlu_CPLCP1	CPLCP.fasta	306	0	NA	NA	0	NA	NA	1.0	
Nlu_CPLCP2	CPLCP.fasta	325	0	NA	NA	0	NA	NA	3.4	
Nlu_CPLCP3	CPLCP.fasta	274	0	NA	NA	0	NA	NA	1.8	
Nlu_CPLCP4	CPLCP.fasta	200	0	NA	NA	0	NA	NA	6.5	
Nlu_CPLCP5	CPLCP.fasta	313	0	NA	NA	0	NA	NA	1.9	
Nlu_CPLCP6	CPLCP.fasta	294	0	NA	NA	0	NA	NA	1.4	
Aga_CPLCW1	CPLCW.fasta	153	0	NA	NA	0	NA	NA	10.5	
Aga_CPLCW2	CPLCW.fasta	164	0	NA	NA	0	NA	NA	9.8	
Aga_CPLCW4	CPLCW.fasta	171	0	NA	NA	0	NA	NA	8.8	
Aga_CPLCW5	CPLCW.fasta	106	0	NA	NA	0	NA	NA	11.3	
Aga_CPLCW7	CPLCW.fasta	161	0	NA	NA	0	NA	NA	8.7	
Aga_CPLCW8	CPLCW.fasta	175	0	NA	NA	0	NA	NA	9.1	
Aga_CPLCW9	CPLCW.fasta	169	0	NA	NA	0	NA	NA	10.1	
